StudyHours,Attendance,SleepHours,PreviousGrade,AssignmentsCompleted,InternetAccess,Extracurricular,Performance
2,65,5,58,2,No,No,Poor
3,68,6,60,3,No,No,Poor
4,70,6,63,4,Yes,No,Poor
2,72,5,55,2,No,Yes,Poor
3,67,5,61,3,No,No,Poor
5,74,6,64,5,Yes,No,Average
4,76,6,66,4,Yes,Yes,Average
5,78,7,69,5,Yes,No,Average
6,80,7,70,6,Yes,Yes,Average
5,82,6,72,6,Yes,No,Average
6,84,7,74,7,Yes,Yes,Average
7,85,7,76,7,Yes,No,Good
7,86,8,78,8,Yes,Yes,Good
8,88,8,80,8,Yes,No,Good
8,90,7,82,9,Yes,Yes,Good
9,91,8,84,9,Yes,Yes,Good
9,92,8,86,10,Yes,No,Good
10,94,8,88,10,Yes,Yes,Excellent
10,95,8,90,10,Yes,Yes,Excellent
11,96,8,92,10,Yes,Yes,Excellent
11,97,9,94,10,Yes,Yes,Excellent
12,98,9,96,10,Yes,Yes,Excellent
12,99,9,98,10,Yes,Yes,Excellent
3,69,6,62,3,No,Yes,Poor
4,73,6,65,4,Yes,No,Average
6,83,7,75,6,Yes,No,Average
7,87,8,79,8,Yes,Yes,Good
9,93,8,87,9,Yes,No,Good
11,97,9,95,10,Yes,Yes,Excellent
8,89,8,81,8,Yes,No,Good
1,62,4,52,1,No,No,Poor
2,65,5,55,2,No,No,Poor
2,67,5,57,2,No,No,Poor
3,68,5,59,3,No,No,Poor
3,70,5,61,3,No,Yes,Poor
4,71,6,63,4,No,No,Poor
4,73,6,65,4,Yes,No,Average
5,75,6,67,5,Yes,No,Average
5,77,6,70,5,Yes,Yes,Average
6,79,7,72,6,Yes,No,Average
6,81,7,74,6,Yes,Yes,Average
7,83,7,76,7,Yes,No,Good
7,85,7,78,7,Yes,Yes,Good
8,87,8,80,8,Yes,No,Good
8,89,8,82,8,Yes,No,Good
9,91,8,85,9,Yes,No,Good
9,93,8,87,9,Yes,Yes,Good
10,95,8,89,10,Yes,Yes,Excellent
10,96,9,91,10,Yes,Yes,Excellent
11,97,9,93,10,Yes,Yes,Excellent
11,98,9,95,10,Yes,Yes,Excellent
12,99,9,97,10,Yes,Yes,Excellent
1,60,4,50,1,No,No,Poor
2,63,5,53,2,No,No,Poor
3,66,5,56,3,No,No,Poor
4,69,6,59,4,No,No,Average
4,71,6,62,4,Yes,No,Average
5,73,6,65,5,Yes,No,Average
5,75,6,68,5,Yes,No,Average
6,77,7,70,6,Yes,Yes,Average
6,79,7,73,6,Yes,Yes,Good
7,81,7,75,7,Yes,No,Good
7,83,7,77,7,Yes,Yes,Good
8,85,8,79,8,Yes,No,Good
8,87,8,81,8,Yes,No,Good
9,89,8,83,9,Yes,Yes,Good
9,91,8,85,9,Yes,Yes,Excellent
10,93,8,87,10,Yes,Yes,Excellent
10,95,9,89,10,Yes,Yes,Excellent
11,96,9,91,10,Yes,Yes,Excellent
12,98,9,93,10,Yes,Yes,Excellent
1,64,4,54,1,No,No,Poor
2,67,5,57,2,No,No,Poor
3,70,5,60,3,No,No,Poor
4,72,6,62,4,Yes,No,Poor
4,74,6,64,4,Yes,No,Average
5,76,6,67,5,Yes,No,Average
5,78,6,70,5,Yes,Yes,Average
6,80,7,72,6,Yes,No,Average
6,82,7,75,6,Yes,No,Good
7,84,7,77,7,Yes,No,Good
7,86,7,79,7,Yes,Yes,Good
8,88,8,81,8,Yes,No,Good
8,90,8,83,8,Yes,No,Good
9,92,8,85,9,Yes,Yes,Good
9,94,9,87,9,Yes,Yes,Good
10,96,9,90,10,Yes,Yes,Excellent
10,97,9,92,10,Yes,Yes,Excellent
11,98,9,94,10,Yes,Yes,Excellent
12,100,9,96,10,Yes,Yes,Excellent
2,66,5,56,2,No,No,Poor
3,69,5,59,3,No,No,Poor
4,71,6,61,4,No,No,Poor
5,73,6,63,5,No,No,Average
5,75,6,66,5,Yes,No,Average
6,77,7,68,6,Yes,No,Average
6,79,7,71,6,Yes,Yes,Good
7,81,7,73,7,Yes,No,Good
7,83,7,76,7,Yes,Yes,Good
8,85,8,78,8,Yes,No,Good
8,87,8,80,8,Yes,No,Good
9,89,8,82,9,Yes,Yes,Good
9,91,8,85,9,Yes,Yes,Excellent
10,93,8,87,10,Yes,Yes,Excellent
10,95,9,89,10,Yes,Yes,Excellent
11,96,9,91,10,Yes,Yes,Excellent
12,99,9,94,10,Yes,Yes,Excellent
1,63,4,51,1,No,No,Poor
2,66,5,54,2,No,No,Poor
3,68,5,57,3,No,No,Poor
4,70,6,60,4,No,No,Average
4,72,6,62,4,Yes,No,Average
5,74,6,65,5,Yes,No,Average
5,76,6,68,5,Yes,No,Average
6,78,7,70,6,Yes,Yes,Good
6,80,7,73,6,Yes,Yes,Good
7,82,7,75,7,Yes,No,Good
7,84,7,77,7,Yes,Yes,Good
8,86,8,79,8,Yes,No,Good
8,88,8,81,8,Yes,No,Good
9,90,8,83,9,Yes,Yes,Excellent
9,92,8,86,9,Yes,Yes,Excellent
10,94,8,88,10,Yes,Yes,Excellent
11,96,9,90,10,Yes,Yes,Excellent
11,98,9,92,10,Yes,Yes,Excellent
1,61,4,50,1,No,No,Poor
2,64,5,53,2,No,No,Poor
3,67,5,56,3,No,No,Poor
4,69,6,58,4,No,No,Average
4,71,6,61,4,Yes,No,Average
5,73,6,63,5,Yes,No,Average
5,75,6,66,5,Yes,Yes,Average
6,77,7,68,6,Yes,No,Good
6,79,7,71,6,Yes,Yes,Good
7,81,7,73,7,Yes,No,Good
7,83,7,75,7,Yes,Yes,Good
8,85,8,77,8,Yes,No,Good
8,87,8,80,8,Yes,No,Good
9,89,8,82,9,Yes,Yes,Excellent
9,91,8,84,9,Yes,Yes,Excellent
10,93,8,87,10,Yes,Yes,Excellent
10,95,9,89,10,Yes,Yes,Excellent
11,97,9,91,10,Yes,Yes,Excellent
2,65,5,52,2,No,No,Poor
3,68,5,55,3,No,No,Poor
4,70,6,58,4,No,No,Average
4,72,6,60,4,Yes,No,Average
5,74,6,63,5,Yes,No,Average
5,76,6,66,5,Yes,Yes,Good
6,78,7,68,6,Yes,No,Good
6,80,7,71,6,Yes,No,Good
7,82,7,73,7,Yes,Yes,Good
7,84,7,75,7,Yes,No,Good
8,86,8,77,8,Yes,Yes,Good
8,88,8,80,8,Yes,No,Excellent
9,90,8,82,9,Yes,Yes,Excellent
9,92,8,84,9,Yes,Yes,Excellent
10,94,8,86,10,Yes,Yes,Excellent
10,96,9,88,10,Yes,Yes,Excellent
11,98,9,90,10,Yes,Yes,Excellent
12,99,9,93,10,Yes,Yes,Excellent
3,66,5,54,3,No,No,Poor
3,69,5,57,3,No,No,Poor
4,71,6,60,4,No,No,Average
5,73,6,62,5,No,No,Average
5,75,6,65,5,Yes,No,Average
6,77,7,67,6,Yes,No,Good
6,79,7,70,6,Yes,Yes,Good
7,81,7,72,7,Yes,No,Good
7,83,7,74,7,Yes,No,Good
8,85,8,76,8,Yes,Yes,Good
8,87,8,78,8,Yes,No,Excellent
9,89,8,80,9,Yes,Yes,Excellent
9,91,8,83,9,Yes,Yes,Excellent
10,93,8,85,10,Yes,Yes,Excellent
10,95,9,87,10,Yes,Yes,Excellent
11,97,9,89,10,Yes,Yes,Excellent
11,98,9,91,10,Yes,Yes,Excellent
12,100,9,94,10,Yes,Yes,Excellent
1,62,4,51,1,No,No,Poor
2,65,5,53,2,No,No,Poor
3,68,5,56,3,No,No,Poor
4,70,6,59,4,No,No,Average
4,72,6,61,4,Yes,No,Average
5,74,6,64,5,Yes,No,Average
5,76,6,67,5,Yes,Yes,Good
6,78,7,69,6,Yes,No,Good
6,80,7,72,6,Yes,No,Good
7,82,7,74,7,Yes,Yes,Good
7,84,7,76,7,Yes,No,Good
8,86,8,78,8,Yes,Yes,Excellent
8,88,8,80,8,Yes,No,Excellent
9,90,8,82,9,Yes,Yes,Excellent
9,92,8,84,9,Yes,Yes,Excellent
10,94,8,86,10,Yes,Yes,Excellent
10,96,9,88,10,Yes,Yes,Excellent
11,98,9,90,10,Yes,Yes,Excellent
12,100,9,92,10,Yes,Yes,Excellent
2,64,5,53,2,No,No,Poor
3,67,5,56,3,No,No,Poor
4,70,6,58,4,No,No,Average
4,72,6,60,4,Yes,No,Average
5,74,6,63,5,Yes,No,Average
5,76,6,65,5,Yes,Yes,Good
6,78,7,67,6,Yes,No,Good
6,80,7,70,6,Yes,No,Good
7,82,7,72,7,Yes,Yes,Good
7,84,7,74,7,Yes,No,Good
8,86,8,76,8,Yes,Yes,Excellent
8,88,8,78,8,Yes,No,Excellent
9,90,8,80,9,Yes,Yes,Excellent
9,92,8,82,9,Yes,Yes,Excellent
10,94,8,84,10,Yes,Yes,Excellent
10,96,9,86,10,Yes,Yes,Excellent
11,98,9,88,10,Yes,Yes,Excellent
11,99,9,90,10,Yes,Yes,Excellent
1,63,4,50,1,No,No,Poor
2,66,5,53,2,No,No,Poor
3,69,5,55,3,No,No,Poor
4,71,6,58,4,No,No,Average
4,73,6,60,4,Yes,No,Average
5,75,6,62,5,Yes,No,Average
5,77,6,65,5,Yes,Yes,Good
6,79,7,67,6,Yes,No,Good
6,81,7,70,6,Yes,No,Good
7,83,7,72,7,Yes,Yes,Good
7,85,7,74,7,Yes,No,Good
8,87,8,76,8,Yes,Yes,Excellent
8,89,8,78,8,Yes,No,Excellent
9,91,8,80,9,Yes,Yes,Excellent
9,93,8,82,9,Yes,Yes,Excellent
10,95,8,84,10,Yes,Yes,Excellent
10,97,9,86,10,Yes,Yes,Excellent
11,99,9,88,10,Yes,Yes,Excellent
12,100,9,91,10,Yes,Yes,Excellent
2,65,5,52,2,No,No,Poor
3,68,5,55,3,No,No,Poor
4,70,6,57,4,No,No,Average
4,72,6,60,4,Yes,No,Average
5,74,6,62,5,Yes,No,Average
5,76,6,64,5,Yes,Yes,Good
6,78,7,66,6,Yes,No,Good
6,80,7,69,6,Yes,No,Good
7,82,7,71,7,Yes,Yes,Good
7,84,7,73,7,Yes,No,Good
8,86,8,75,8,Yes,Yes,Excellent
8,88,8,77,8,Yes,No,Excellent
9,90,8,79,9,Yes,Yes,Excellent
9,92,8,81,9,Yes,Yes,Excellent
10,94,8,83,10,Yes,Yes,Excellent
10,96,9,85,10,Yes,Yes,Excellent
11,98,9,87,10,Yes,Yes,Excellent
12,99,9,90,10,Yes,Yes,Excellent
1,62,4,49,1,No,No,Poor
2,65,5,52,2,No,No,Poor
3,68,5,54,3,No,No,Poor
4,70,6,57,4,No,No,Average
4,72,6,59,4,Yes,No,Average
5,74,6,61,5,Yes,No,Average
5,76,6,63,5,Yes,Yes,Good
6,78,7,65,6,Yes,No,Good
6,80,7,68,6,Yes,No,Good
7,82,7,70,7,Yes,Yes,Good
7,84,7,72,7,Yes,No,Good
8,86,8,74,8,Yes,Yes,Excellent
8,88,8,76,8,Yes,No,Excellent
9,90,8,78,9,Yes,Yes,Excellent
9,92,8,80,9,Yes,Yes,Excellent
10,94,8,82,10,Yes,Yes,Excellent
10,96,9,84,10,Yes,Yes,Excellent
11,98,9,86,10,Yes,Yes,Excellent
12,100,9,89,10,Yes,Yes,Excellent
2,66,5,53,2,No,No,Poor
3,69,5,56,3,No,No,Poor
4,71,6,58,4,No,No,Average
4,73,6,60,4,Yes,No,Average
5,75,6,62,5,Yes,No,Average
5,77,6,64,5,Yes,Yes,Good
6,79,7,66,6,Yes,No,Good
6,81,7,68,6,Yes,No,Good
7,83,7,70,7,Yes,Yes,Good
7,85,7,72,7,Yes,No,Good
8,87,8,74,8,Yes,Yes,Excellent
8,89,8,76,8,Yes,No,Excellent
9,91,8,78,9,Yes,Yes,Excellent
9,93,8,80,9,Yes,Yes,Excellent
10,95,8,82,10,Yes,Yes,Excellent
10,97,9,84,10,Yes,Yes,Excellent
11,99,9,86,10,Yes,Yes,Excellent
12,100,9,88,10,Yes,Yes,Excellent
1,61,4,50,1,No,No,Poor
2,64,5,53,2,No,No,Poor
3,67,5,55,3,No,No,Poor
4,70,6,58,4,No,No,Average
4,72,6,60,4,Yes,No,Average
5,74,6,62,5,Yes,No,Average
5,76,6,64,5,Yes,Yes,Good
6,78,7,66,6,Yes,No,Good
6,80,7,68,6,Yes,No,Good
7,82,7,70,7,Yes,Yes,Good
7,84,7,72,7,Yes,No,Good
8,86,8,74,8,Yes,Yes,Excellent
8,88,8,76,8,Yes,No,Excellent
9,90,8,78,9,Yes,Yes,Excellent
9,92,8,80,9,Yes,Yes,Excellent
10,94,8,82,10,Yes,Yes,Excellent
10,96,9,84,10,Yes,Yes,Excellent
11,98,9,86,10,Yes,Yes,Excellent
11,99,9,88,10,Yes,Yes,Excellent
3,67,5,54,3,No,No,Poor
4,70,6,56,4,No,No,Average
5,73,6,58,5,Yes,No,Average
5,75,6,61,5,Yes,Yes,Good
6,77,7,63,6,Yes,No,Good
6,79,7,65,6,Yes,No,Good
7,81,7,67,7,Yes,Yes,Good
7,83,7,69,7,Yes,No,Good
8,85,8,71,8,Yes,Yes,Excellent
8,87,8,73,8,Yes,No,Excellent
9,89,8,75,9,Yes,Yes,Excellent
9,91,8,77,9,Yes,Yes,Excellent
10,93,8,79,10,Yes,Yes,Excellent
10,95,9,81,10,Yes,Yes,Excellent
11,97,9,83,10,Yes,Yes,Excellent
11,98,9,85,10,Yes,Yes,Excellent
12,100,9,87,10,Yes,Yes,Excellent
1,60,4,48,1,No,No,Poor
2,63,5,51,2,No,No,Poor
3,66,5,53,3,No,No,Poor
4,69,6,56,4,No,No,Average
4,71,6,58,4,Yes,No,Average
5,73,6,60,5,Yes,No,Average
5,75,6,62,5,Yes,Yes,Good
6,77,7,64,6,Yes,No,Good
6,79,7,66,6,Yes,No,Good
7,81,7,68,7,Yes,Yes,Good
7,83,7,70,7,Yes,No,Good
8,85,8,72,8,Yes,Yes,Excellent
8,87,8,74,8,Yes,No,Excellent
9,89,8,76,9,Yes,Yes,Excellent
9,91,8,78,9,Yes,Yes,Excellent
10,93,8,80,10,Yes,Yes,Excellent
10,95,9,82,10,Yes,Yes,Excellent
11,97,9,84,10,Yes,Yes,Excellent
12,99,9,86,10,Yes,Yes,Excellent
2,65,5,54,2,No,No,Poor
3,68,5,57,3,No,No,Poor
4,71,6,59,4,No,No,Average
4,73,6,61,4,Yes,No,Average
5,75,6,63,5,Yes,No,Average
5,77,6,65,5,Yes,Yes,Good
6,79,7,67,6,Yes,No,Good
6,81,7,69,6,Yes,No,Good
7,83,7,71,7,Yes,Yes,Good
7,85,7,73,7,Yes,No,Good
8,87,8,75,8,Yes,Yes,Excellent
8,89,8,77,8,Yes,No,Excellent
9,91,8,79,9,Yes,Yes,Excellent
9,93,8,81,9,Yes,Yes,Excellent
10,95,8,83,10,Yes,Yes,Excellent
10,97,9,85,10,Yes,Yes,Excellent
11,99,9,87,10,Yes,Yes,Excellent
11,100,9,89,10,Yes,Yes,Excellent
3,66,4,52,3,No,No,Poor
4,69,5,55,4,No,No,Average
5,72,6,57,5,No,No,Average
5,74,6,60,5,Yes,No,Average
6,76,7,62,6,Yes,No,Good
6,78,7,64,6,Yes,No,Good
7,80,7,66,7,Yes,Yes,Good
7,82,7,68,7,Yes,No,Good
8,84,8,70,8,Yes,Yes,Good
8,86,8,72,8,Yes,No,Excellent
9,88,8,74,9,Yes,Yes,Excellent
9,90,8,76,9,Yes,Yes,Excellent
10,92,8,78,10,Yes,Yes,Excellent
10,94,9,80,10,Yes,Yes,Excellent
11,96,9,82,10,Yes,Yes,Excellent
12,98,9,84,10,Yes,Yes,Excellent
1,62,4,51,1,No,No,Poor
2,65,5,54,2,No,No,Poor
3,68,5,56,3,No,No,Poor
4,70,6,58,4,No,No,Average
4,72,6,60,4,Yes,No,Average
5,74,6,62,5,Yes,No,Average
5,76,6,64,5,Yes,Yes,Good
6,78,7,66,6,Yes,No,Good
6,80,7,68,6,Yes,No,Good
7,82,7,70,7,Yes,Yes,Good
7,84,7,72,7,Yes,No,Good
8,86,8,74,8,Yes,Yes,Excellent
8,88,8,76,8,Yes,No,Excellent
9,90,8,78,9,Yes,Yes,Excellent
9,92,8,80,9,Yes,Yes,Excellent
10,94,8,82,10,Yes,Yes,Excellent
10,96,9,84,10,Yes,Yes,Excellent
11,98,9,86,10,Yes,Yes,Excellent
12,99,9,88,10,Yes,Yes,Excellent
2,67,5,55,2,No,No,Poor
3,70,5,58,3,No,No,Average
4,72,6,60,4,No,No,Average
4,74,6,62,4,Yes,No,Average
5,76,6,64,5,Yes,No,Good
5,78,6,66,5,Yes,Yes,Good
6,80,7,68,6,Yes,No,Good
6,82,7,70,6,Yes,No,Good
7,84,7,72,7,Yes,Yes,Excellent
7,86,7,74,7,Yes,No,Excellent
8,88,8,76,8,Yes,Yes,Excellent
8,90,8,78,8,Yes,No,Excellent
9,92,8,80,9,Yes,Yes,Excellent
9,94,8,82,9,Yes,Yes,Excellent
10,96,8,84,10,Yes,Yes,Excellent
10,98,9,86,10,Yes,Yes,Excellent
11,100,9,88,10,Yes,Yes,Excellent
12,100,9,90,10,Yes,Yes,Excellent
1,63,4,52,1,No,No,Poor
2,66,5,55,2,No,No,Poor
3,69,5,57,3,No,No,Average
4,71,6,59,4,No,No,Average
4,73,6,61,4,Yes,No,Average
5,75,6,63,5,Yes,No,Good
5,77,6,65,5,Yes,Yes,Good
6,79,7,67,6,Yes,No,Good
6,81,7,69,6,Yes,No,Good
7,83,7,71,7,Yes,Yes,Excellent
7,85,7,73,7,Yes,No,Excellent
8,87,8,75,8,Yes,Yes,Excellent
8,89,8,77,8,Yes,NO,Excellent
9,91,8,79,9,Yes,Yes,Excellent
9,93,8,81,9,Yes,Yes,Excellent
10,95,8,83,10,Yes,Yes,Excellent
10,97,9,85,10,Yes,Yes,Excellent
11,99,9,87,10,Yes,Yes,Excellent
12,100,9,90,10,Yes,Yes,Excellent
2,68,5,56,2,No,No,Poor
3,71,5,59,3,No,No,Average
4,73,6,61,4,No,No,Average
4,75,6,63,4,Yes,No,Good
5,77,6,65,5,Yes,No,Good
5,79,6,67,5,Yes,Yes,Good
6,81,7,69,6,Yes,No,Good
6,83,7,71,6,Yes,No,Excellent
7,85,7,73,7,Yes,Yes,Excellent
7,87,7,75,7,Yes,NO,Excellent
8,89,8,77,8,Yes,Yes,Excellent
8,91,8,79,8,Yes,No,Excellent
9,93,8,81,9,Yes,Yes,Excellent
9,95,8,83,9,Yes,Yes,Excellent
10,97,8,85,10,Yes,Yes,Excellent
10,99,9,87,10,Yes,Yes,Excellent
11,100,9,89,10,Yes,Yes,Excellent
12,100,9,92,10,Yes,Yes,Excellent
1,64,4,53,1,No,No,Poor
2,67,5,56,2,No,No,Poor
3,70,5,58,3,No,No,Average
4,72,6,60,4,No,No,Average
4,74,6,62,4,Yes,No,Good
5,76,6,64,5,Yes,No,Good
5,78,6,66,5,Yes,Yes,Good
6,80,7,68,6,Yes,No,Excellent
6,82,7,70,6,Yes,NO,Excellent
7,84,7,72,7,Yes,Yes,Excellent
7,86,7,74,7,Yes,No,Excellent
8,88,8,76,8,Yes,Yes,Excellent
8,90,8,78,8,Yes,No,Excellent
9,92,8,80,9,Yes,Yes,Excellent
9,94,8,82,9,Yes,Yes,Excellent
10,96,8,84,10,Yes,Yes,Excellent
10,98,9,86,10,Yes,Yes,Excellent
11,100,9,88,10,Yes,Yes,Excellent
12,100,9,91,10,Yes,Yes,Excellent
2,69,5,57,2,No,No,Poor
3,72,5,60,3,No,No,Average
4,74,6,62,4,No,No,Average
4,76,6,64,4,Yes,No,Good
5,78,6,66,5,Yes,No,Good
5,80,6,68,5,Yes,Yes,Excellent
6,82,7,70,6,Yes,No,Excellent
6,84,7,72,6,Yes,NO,Excellent
7,86,7,74,7,Yes,Yes,Excellent
7,88,7,76,7,Yes,No,Excellent
8,90,8,78,8,Yes,Yes,Excellent
8,92,8,80,8,Yes,No,Excellent
9,94,8,82,9,Yes,Yes,Excellent
9,96,8,84,9,Yes,Yes,Excellent
10,98,8,86,10,Yes,Yes,Excellent
10,100,9,88,10,Yes,Yes,Excellent
11,100,9,90,10,Yes,Yes,Excellent
12,100,9,93,10,Yes,Yes,Excellent
3,70,4,54,3,No,No,Poor
4,73,5,57,4,No,No,Average
5,75,6,59,5,No,No,Average
5,77,6,61,5,Yes,No,Good
6,79,7,63,6,Yes,No,Good
6,81,7,65,6,Yes,NO,Excellent
7,83,7,67,7,Yes,Yes,Excellent
7,85,7,69,7,Yes,No,Excellent
8,87,8,71,8,Yes,Yes,Excellent
8,89,8,73,8,Yes,No,Excellent
9,91,8,75,9,Yes,Yes,Excellent
9,93,8,77,9,Yes,Yes,Excellent
10,95,8,79,10,Yes,Yes,Excellent
10,97,9,81,10,Yes,Yes,Excellent
11,99,9,83,10,Yes,Yes,Excellent
12,100,9,86,10,Yes,Yes,Excellent
1,65,4,52,1,No,No,Poor
2,68,5,55,2,No,No,Poor
3,71,5,57,3,No,No,Average
4,73,6,59,4,No,No,Average
4,75,6,61,4,Yes,No,Good
5,77,6,63,5,Yes,No,Good
5,79,6,65,5,Yes,NO,Excellent
6,81,7,67,6,Yes,No,Excellent
6,83,7,69,6,Yes,No,Excellent
7,85,7,71,7,Yes,Yes,Excellent
7,87,7,73,7,Yes,No,Excellent
8,89,8,75,8,Yes,Yes,Excellent
8,91,8,77,8,Yes,No,Excellent
9,93,8,79,9,Yes,Yes,Excellent
9,95,8,81,9,Yes,Yes,Excellent
10,97,8,83,10,Yes,Yes,Excellent
10,99,9,85,10,Yes,Yes,Excellent
11,100,9,88,10,Yes,Yes,Excellent
12,100,9,92,10,Yes,Yes,Excellent
2,69,5,56,2,No,No,Poor
3,72,5,59,3,No,No,Average
4,74,6,61,4,No,No,Average
4,76,6,63,4,Yes,No,Good
5,78,6,65,5,Yes,No,Good
5,80,6,67,5,Yes,NO,Excellent
6,82,7,69,6,Yes,No,Excellent
6,84,7,71,6,Yes,No,Excellent
7,86,7,73,7,Yes,Yes,Excellent
7,88,7,75,7,Yes,No,Excellent
8,90,8,77,8,Yes,Yes,Excellent
8,92,8,79,8,Yes,No,Excellent
9,94,8,81,9,Yes,Yes,Excellent
9,96,8,83,9,Yes,Yes,Excellent
10,98,8,85,10,Yes,Yes,Excellent
10,100,9,87,10,Yes,Yes,Excellent
11,100,9,90,10,Yes,Yes,Excellent
11,100,9,93,10,Yes,Yes,Excellent
3,71,4,53,3,No,No,Poor
4,74,5,56,4,No,No,Average
5,76,6,58,5,No,No,Average
5,78,6,60,5,Yes,No,Good
6,80,7,62,6,Yes,No,Good
6,82,7,64,6,Yes,NO,Excellent
7,84,7,66,7,Yes,Yes,Excellent
7,86,7,68,7,Yes,No,Excellent
8,88,8,70,8,Yes,Yes,Excellent
8,90,8,72,8,Yes,No,Excellent
9,92,8,74,9,Yes,Yes,Excellent
9,94,8,76,9,Yes,Yes,Excellent
10,96,8,78,10,Yes,Yes,Excellent
10,98,9,80,10,Yes,Yes,Excellent
11,100,9,82,10,Yes,Yes,Excellent
12,100,9,85,10,Yes,Yes,Excellent
1,66,4,53,1,No,No,Poor
2,70,5,56,2,No,No,Poor
3,72,5,58,3,No,No,Average
4,74,6,60,4,No,No,Average
4,76,6,62,4,Yes,No,Good
5,78,6,64,5,Yes,No,Good
5,80,6,66,5,Yes,NO,Excellent
6,82,7,68,6,Yes,No,Excellent
6,84,7,70,6,Yes,No,Excellent
7,86,7,72,7,Yes,Yes,Excellent
7,88,7,74,7,Yes,No,Excellent
8,90,8,76,8,Yes,Yes,Excellent
8,92,8,78,8,Yes,No,Excellent
9,94,8,80,9,Yes,Yes,Excellent
9,96,8,82,9,Yes,Yes,Excellent
10,98,8,84,10,Yes,Yes,Excellent
10,100,9,86,10,Yes,Yes,Excellent
11,100,9,89,10,Yes,Yes,Excellent
12,100,9,91,10,Yes,Yes,Excellent
2,70,5,55,2,No,No,Poor
3,73,5,58,3,No,No,Average
4,75,6,60,4,No,No,Average
4,77,6,62,4,Yes,No,Good
5,79,6,64,5,Yes,No,Good
5,81,6,66,5,Yes,NO,Excellent
6,83,7,68,6,Yes,No,Excellent
6,85,7,70,6,Yes,No,Excellent
7,87,7,72,7,Yes,Yes,Excellent
7,89,7,74,7,Yes,No,Excellent
8,91,8,76,8,Yes,Yes,Excellent
8,93,8,78,8,Yes,No,Excellent
9,95,8,80,9,Yes,Yes,Excellent
9,97,8,82,9,Yes,Yes,Excellent
10,99,8,84,10,Yes,Yes,Excellent
10,100,9,86,10,Yes,Yes,Excellent
11,100,9,90,10,Yes,Yes,Excellent
11,100,9,92,10,Yes,Yes,Excellent
3,72,4,54,3,No,No,Poor
4,75,5,57,4,No,No,Average
5,77,6,59,5,No,No,Average
5,79,6,61,5,Yes,No,Good
6,81,7,63,6,Yes,No,Excellent
6,83,7,65,6,Yes,NO,Excellent
7,85,7,67,7,Yes,Yes,Excellent
7,87,7,69,7,Yes,No,Excellent
8,89,8,71,8,Yes,Yes,Excellent
8,91,8,73,8,Yes,No,Excellent
9,93,8,75,9,Yes,Yes,Excellent
9,95,8,77,9,Yes,Yes,Excellent
10,97,8,79,10,Yes,Yes,Excellent
10,99,9,81,10,Yes,Yes,Excellent
11,100,9,83,10,Yes,Yes,Excellent
12,100,9,86,10,Yes,Yes,Excellent
1,67,4,54,1,No,No,Poor
2,71,5,57,2,No,No,Poor
3,73,5,59,3,No,No,Average
4,75,6,61,4,No,No,Average
4,77,6,63,4,Yes,No,Good
5,79,6,65,5,Yes,No,Excellent
5,81,6,67,5,Yes,NO,Excellent
6,83,7,69,6,Yes,No,Excellent
6,85,7,71,6,Yes,No,Excellent
7,87,7,73,7,Yes,Yes,Excellent
7,89,7,75,7,Yes,No,Excellent
8,91,8,77,8,Yes,Yes,Excellent
8,93,8,79,8,Yes,No,Excellent
9,95,8,81,9,Yes,Yes,Excellent
9,97,8,83,9,Yes,Yes,Excellent
10,99,8,85,10,Yes,Yes,Excellent
10,100,9,87,10,Yes,Yes,Excellent
11,100,9,91,10,Yes,Yes,Excellent
12,100,9,93,10,Yes,Yes,Excellent
2,71,5,56,2,No,No,Poor
3,74,5,59,3,No,No,Average
4,76,6,61,4,No,No,Average
4,78,6,63,4,Yes,No,Good
5,80,6,65,5,Yes,No,Excellent
5,82,6,67,5,Yes,NO,Excellent
6,84,7,69,6,Yes,No,Excellent
6,86,7,71,6,Yes,No,Excellent
7,88,7,73,7,Yes,Yes,Excellent
7,90,7,75,7,Yes,No,Excellent
8,92,8,77,8,Yes,Yes,Excellent
8,94,8,79,8,Yes,No,Excellent
9,96,8,81,9,Yes,Yes,Excellent
9,98,8,83,9,Yes,Yes,Excellent
10,100,8,85,10,Yes,Yes,Excellent
10,100,9,87,10,Yes,Yes,Excellent
11,100,9,90,10,Yes,Yes,Excellent
11,100,9,92,10,Yes,Yes,Excellent
3,73,4,55,3,No,No,Poor
4,76,5,58,4,No,No,Average
5,78,6,60,5,No,No,Average
5,80,6,62,5,Yes,No,Excellent
6,82,7,64,6,Yes,NO,Excellent
6,84,7,66,6,Yes,No,Excellent
7,86,7,68,7,Yes,Yes,Excellent
7,88,7,70,7,Yes,No,Excellent
8,90,8,72,8,Yes,Yes,Excellent
8,92,8,74,8,Yes,No,Excellent
9,94,8,76,9,Yes,Yes,Excellent
9,96,8,78,9,Yes,Yes,Excellent
10,98,8,80,10,Yes,Yes,Excellent
10,100,9,82,10,Yes,Yes,Excellent
11,100,9,85,10,Yes,Yes,Excellent
12,100,9,88,10,Yes,Yes,Excellent
1,68,4,55,1,No,No,Poor
2,72,5,58,2,No,No,Average
3,74,5,60,3,No,No,Average
4,76,6,62,4,No,No,Good
4,78,6,64,4,Yes,No,Excellent
5,80,6,66,5,Yes,NO,Excellent
5,82,6,68,5,Yes,No,Excellent
6,84,7,70,6,Yes,Yes,Excellent
6,86,7,72,6,Yes,No,Excellent
7,88,7,74,7,Yes,Yes,Excellent
7,90,7,76,7,Yes,No,Excellent
8,92,8,78,8,Yes,Yes,Excellent
8,94,8,80,8,Yes,No,Excellent
9,96,8,82,9,Yes,Yes,Excellent
9,98,8,84,9,Yes,Yes,Excellent
10,100,8,86,10,Yes,Yes,Excellent
10,100,9,88,10,Yes,Yes,Excellent
11,100,9,91,10,Yes,Yes,Excellent
12,100,9,94,10,Yes,Yes,Excellent
2,73,5,57,2,No,No,Poor
3,75,5,60,3,No,No,Average
4,77,6,62,4,No,NO,Average
4,79,6,64,4,Yes,No,Excellent
5,81,6,66,5,Yes,NO,Excellent
5,83,6,68,5,Yes,No,Excellent
6,85,7,70,6,Yes,Yes,Excellent
6,87,7,72,6,Yes,No,Excellent
7,89,7,74,7,Yes,Yes,Excellent
7,91,7,76,7,Yes,No,Excellent
8,93,8,78,8,Yes,Yes,Excellent
8,95,8,80,8,Yes,No,Excellent
9,97,8,82,9,Yes,Yes,Excellent
9,99,8,84,9,Yes,Yes,Excellent
10,100,8,86,10,Yes,Yes,Excellent
10,100,9,88,10,Yes,Yes,Excellent
11,100,9,92,10,Yes,Yes,Excellent
11,100,9,94,10,Yes,Yes,Excellent
3,74,4,56,3,No,No,Poor
4,77,5,59,4,No,NO,Average
5,79,6,61,5,No,No,Excellent
5,81,6,63,5,Yes,NO,Excellent
6,83,7,65,6,Yes,No,Excellent
6,85,7,67,6,Yes,Yes,Excellent
7,87,7,69,7,Yes,Yes,Excellent
7,89,7,71,7,Yes,No,Excellent
8,91,8,73,8,Yes,Yes,Excellent
8,93,8,75,8,Yes,No,Excellent
9,95,8,77,9,Yes,Yes,Excellent
9,97,8,79,9,Yes,Yes,Excellent
10,99,8,81,10,Yes,Yes,Excellent
10,100,9,83,10,Yes,Yes,Excellent
11,100,9,87,10,Yes,Yes,Excellent
12,100,9,90,10,Yes,Yes,Excellent
1,69,4,56,1,No,No,Poor
2,73,5,59,2,No,NO,Poor
3,75,5,61,3,No,No,Average
4,77,6,63,4,No,NO,Excellent
4,79,6,65,4,Yes,No,Excellent
5,81,6,67,5,Yes,NO,Excellent
5,83,6,69,5,Yes,No,Excellent
6,85,7,71,6,Yes,Yes,Excellent
6,87,7,73,6,Yes,No,Excellent
7,89,7,75,7,Yes,Yes,Excellent
7,91,7,77,7,Yes,No,Excellent
8,93,8,79,8,Yes,Yes,Excellent
8,95,8,81,8,Yes,No,Excellent
9,97,8,83,9,Yes,Yes,Excellent
9,99,8,85,9,Yes,Yes,Excellent
10,100,8,87,10,Yes,Yes,Excellent
10,100,9,90,10,Yes,Yes,Excellent
11,100,9,93,10,Yes,Yes,Excellent
12,100,9,95,10,Yes,Yes,Excellent
2,74,5,58,2,No,NO,Poor
3,76,5,61,3,No,No,Excellent
4,78,6,63,4,No,NO,Excellent
4,80,6,65,4,Yes,No,Excellent
5,82,6,67,5,Yes,NO,Excellent
5,84,6,69,5,Yes,No,Excellent
6,86,7,71,6,Yes,Yes,Excellent
6,88,7,73,6,Yes,No,Excellent
7,90,7,75,7,Yes,Yes,Excellent
7,92,7,77,7,Yes,No,Excellent
8,94,8,79,8,Yes,Yes,Excellent
8,96,8,81,8,Yes,No,Excellent
9,98,8,83,9,Yes,Yes,Excellent
9,100,8,85,9,Yes,Yes,Excellent
10,100,8,87,10,Yes,Yes,Excellent
10,100,9,90,10,Yes,Yes,Excellent
11,100,9,94,10,Yes,Yes,Excellent
11,100,9,96,10,Yes,Yes,Excellent
3,75,4,57,3,No,NO,Poor
4,78,5,60,4,No,No,Excellent
5,80,6,62,5,No,NO,Excellent
5,82,6,64,5,Yes,No,Excellent
6,84,7,66,6,Yes,NO,Excellent
6,86,7,68,6,Yes,No,Excellent
7,88,7,70,7,Yes,Yes,Excellent
7,90,7,72,7,Yes,No,Excellent
8,92,8,74,8,Yes,Yes,Excellent
8,94,8,76,8,Yes,No,Excellent
9,96,8,78,9,Yes,Yes,Excellent
9,98,8,80,9,Yes,Yes,Excellent
10,100,8,82,10,Yes,Yes,Excellent
10,100,9,85,10,Yes,Yes,Excellent
11,100,9,91,10,Yes,Yes,Excellent
12,100,9,97,10,Yes,Yes,Excellent
1,70,4,57,1,No,NO,Poor
2,74,5,60,2,No,No,Excellent
3,76,5,62,3,No,NO,Excellent
4,78,6,64,4,No,No,Excellent
4,80,6,66,4,Yes,NO,Excellent
5,82,6,68,5,Yes,No,Excellent
5,84,6,70,5,Yes,No,Excellent
6,86,7,72,6,Yes,Yes,Excellent
6,88,7,74,6,Yes,NO,Excellent
7,90,7,76,7,Yes,Yes,Excellent
7,92,7,78,7,Yes,No,Excellent
8,94,8,80,8,Yes,Yes,Excellent
8,96,8,82,8,Yes,No,Excellent
9,98,8,84,9,Yes,Yes,Excellent
9,100,8,86,9,Yes,Yes,Excellent
10,100,8,88,10,Yes,Yes,Excellent
10,100,9,91,10,Yes,Yes,Excellent
11,100,9,95,10,Yes,Yes,Excellent
12,100,9,98,10,Yes,Yes,Excellent
2,75,5,59,2,No,NO,Average
3,77,5,62,3,No,No,Excellent
4,79,6,64,4,No,NO,Excellent
4,81,6,66,4,Yes,No,Excellent
5,83,6,68,5,Yes,NO,Excellent
5,85,6,70,5,Yes,No,Excellent
6,87,7,72,6,Yes,Yes,Excellent
6,89,7,74,6,Yes,NO,Excellent
7,91,7,76,7,Yes,Yes,Excellent
7,93,7,78,7,Yes,No,Excellent
8,95,8,80,8,Yes,Yes,Excellent
8,97,8,82,8,Yes,No,Excellent
9,99,8,84,9,Yes,Yes,Excellent
9,100,8,86,9,Yes,Yes,Excellent
10,100,8,88,10,Yes,Yes,Excellent
10,100,9,92,10,Yes,Yes,Excellent
11,100,9,96,10,Yes,Yes,Excellent
11,100,9,99,10,Yes,Yes,Excellent
3,76,4,58,3,No,NO,Average
4,78,5,61,4,No,No,Excellent
5,80,6,63,5,No,NO,Excellent
5,82,6,65,5,Yes,No,Excellent
6,84,7,67,6,Yes,NO,Excellent
6,86,7,69,6,Yes,No,Excellent
7,88,7,71,7,Yes,Yes,Excellent
7,90,7,73,7,Yes,No,Excellent
8,92,8,75,8,Yes,Yes,Excellent
8,94,8,77,8,Yes,No,Excellent
9,96,8,79,9,Yes,Yes,Excellent
9,98,8,81,9,Yes,Yes,Excellent
10,100,8,83,10,Yes,Yes,Excellent
10,100,9,87,10,Yes,Yes,Excellent
11,100,9,93,10,Yes,Yes,Excellent
12,100,9,99,10,Yes,Yes,Excellent
2,76,5,60,2,No,NO,Average
3,78,5,63,3,No,No,Excellent
4,80,6,65,4,No,NO,Excellent
4,82,6,67,4,Yes,No,Excellent
5,84,6,69,5,Yes,NO,Excellent
5,86,6,71,5,Yes,No,Excellent
6,88,7,73,6,Yes,Yes,Excellent
6,90,7,75,6,Yes,NO,Excellent
7,92,7,77,7,Yes,Yes,Excellent
7,94,7,79,7,Yes,No,Excellent
8,96,8,81,8,Yes,Yes,Excellent
8,98,8,83,8,Yes,No,Excellent
9,100,8,85,9,Yes,Yes,Excellent
9,100,8,87,9,Yes,Yes,Excellent
10,100,8,89,10,Yes,Yes,Excellent
10,100,9,94,10,Yes,Yes,Excellent
11,100,9,98,10,Yes,Yes,Excellent
11,100,9,100,10,Yes,Yes,Excellent
3,77,4,59,3,No,NO,Average
4,80,5,62,4,No,No,Excellent
5,82,6,64,5,No,NO,Excellent
5,84,6,66,5,Yes,No,Excellent
6,86,7,68,6,Yes,NO,Excellent
6,88,7,70,6,Yes,No,Excellent
7,90,7,72,7,Yes,Yes,Excellent
7,92,7,74,7,Yes,No,Excellent
8,94,8,76,8,Yes,Yes,Excellent
8,96,8,78,8,Yes,No,Excellent
9,98,8,80,9,Yes,Yes,Excellent
9,100,8,82,9,Yes,Yes,Excellent
10,100,8,84,10,Yes,Yes,Excellent
10,100,9,90,10,Yes,Yes,Excellent
11,100,9,96,10,Yes,Yes,Excellent
12,100,9,100,10,Yes,Yes,Excellent
2,77,5,61,2,No,NO,Excellent
3,79,5,64,3,No,No,Excellent
4,81,6,66,4,No,NO,Excellent
4,83,6,68,4,Yes,No,Excellent
5,85,6,70,5,Yes,NO,Excellent
5,87,6,72,5,Yes,No,Excellent
6,89,7,74,6,Yes,Yes,Excellent
6,91,7,76,6,Yes,NO,Excellent
7,93,7,78,7,Yes,Yes,Excellent
7,95,7,80,7,Yes,No,Excellent
8,97,8,82,8,Yes,Yes,Excellent
8,99,8,84,8,Yes,No,Excellent
9,100,8,86,9,Yes,Yes,Excellent
9,100,8,88,9,Yes,Yes,Excellent
10,100,8,90,10,Yes,Yes,Excellent
10,100,9,95,10,Yes,Yes,Excellent
11,100,9,99,10,Yes,Yes,Excellent
11,100,9,100,10,Yes,Yes,Excellent
3,78,4,60,3,No,NO,Excellent
4,81,5,63,4,No,No,Excellent
5,83,6,65,5,No,NO,Excellent
5,85,6,67,5,Yes,No,Excellent
6,87,7,69,6,Yes,NO,Excellent
6,89,7,71,6,Yes,No,Excellent
7,91,7,73,7,Yes,Yes,Excellent
7,93,7,75,7,Yes,No,Excellent
8,95,8,77,8,Yes,Yes,Excellent
8,97,8,79,8,Yes,No,Excellent
9,99,8,81,9,Yes,Yes,Excellent
9,100,8,83,9,Yes,Yes,Excellent
10,100,8,85,10,Yes,Yes,Excellent
10,100,9,92,10,Yes,Yes,Excellent
11,100,9,98,10,Yes,Yes,Excellent
12,100,9,100,10,Yes,Yes,Excellent
3,79,4,61,3,No,NO,Excellent
4,82,5,64,4,No,No,Excellent
5,84,6,66,5,No,NO,Excellent
5,86,6,68,5,Yes,No,Excellent
6,88,7,70,6,Yes,NO,Excellent
6,90,7,72,6,Yes,No,Excellent
7,92,7,74,7,Yes,Yes,Excellent
7,94,7,76,7,Yes,No,Excellent
8,96,8,78,8,Yes,Yes,Excellent
8,98,8,80,8,Yes,No,Excellent
9,100,8,82,9,Yes,Yes,Excellent
9,100,8,84,9,Yes,Yes,Excellent
10,100,8,86,10,Yes,Yes,Excellent
10,100,9,93,10,Yes,Yes,Excellent
11,100,9,98,10,Yes,Yes,Excellent
12,100,9,100,10,Yes,Yes,Excellent
3,80,4,62,3,No,NO,Excellent
4,83,5,65,4,No,No,Excellent
5,85,6,67,5,No,NO,Excellent
5,87,6,69,5,Yes,No,Excellent
6,89,7,71,6,Yes,NO,Excellent
6,91,7,73,6,Yes,No,Excellent
7,93,7,75,7,Yes,Yes,Excellent
7,95,7,77,7,Yes,No,Excellent
8,97,8,79,8,Yes,Yes,Excellent
8,99,8,81,8,Yes,No,Excellent
9,100,8,83,9,Yes,Yes,Excellent
9,100,8,85,9,Yes,Yes,Excellent
10,100,8,87,10,Yes,Yes,Excellent
10,100,9,94,10,Yes,Yes,Excellent
11,100,9,99,10,Yes,Yes,Excellent
12,100,9,100,10,Yes,Yes,Excellent
2,78,5,62,2,No,NO,Excellent
3,80,5,64,3,No,No,Excellent
4,82,6,66,4,No,NO,Excellent
4,84,6,68,4,Yes,No,Excellent
5,86,6,70,5,Yes,NO,Excellent
5,88,6,72,5,Yes,No,Excellent
6,90,7,74,6,Yes,Yes,Excellent
6,92,7,76,6,Yes,NO,Excellent
7,94,7,78,7,Yes,Yes,Excellent
7,96,7,80,7,Yes,No,Excellent
8,98,8,82,8,Yes,Yes,Excellent
8,100,8,84,8,Yes,No,Excellent
9,100,8,86,9,Yes,Yes,Excellent
9,100,8,88,9,Yes,Yes,Excellent
10,100,8,90,10,Yes,Yes,Excellent
10,100,9,95,10,Yes,Yes,Excellent
11,100,9,100,10,Yes,Yes,Excellent
11,100,9,100,10,Yes,Yes,Excellent
3,80,4,63,3,No,NO,Excellent
4,83,5,66,4,No,No,Excellent
5,85,6,68,5,No,NO,Excellent
5,87,6,70,5,Yes,No,Excellent
6,89,7,72,6,Yes,NO,Excellent
6,91,7,74,6,Yes,No,Excellent
7,93,7,76,7,Yes,Yes,Excellent
7,95,7,78,7,Yes,No,Excellent
8,97,8,80,8,Yes,Yes,Excellent
8,99,8,82,8,Yes,No,Excellent
9,100,8,84,9,Yes,Yes,Excellent
9,100,8,86,9,Yes,YES,Excellent
10,100,8,88,10,Yes,Yes,Excellent
10,100,9,96,10,Yes,Yes,Excellent
11,100,9,100,10,Yes,YES,Excellent
12,100,9,100,10,Yes,Yes,Excellent
3,81,4,64,3,No,NO,Excellent
4,84,5,67,4,No,No,Excellent
5,86,6,70,5,No,NO,Excellent
5,88,6,72,5,Yes,No,Excellent
6,90,7,74,6,Yes,NO,Excellent
6,92,7,76,6,Yes,No,Excellent
7,94,7,78,7,Yes,Yes,Excellent
7,96,7,80,7,Yes,No,Excellent
8,98,8,82,8,Yes,Yes,Excellent
8,100,8,84,8,Yes,No,Excellent
9,100,8,86,9,Yes,Yes,Excellent
9,100,8,88,9,Yes,YES,Excellent
10,100,8,90,10,Yes,Yes,Excellent
10,100,9,97,10,Yes,YES,Excellent
11,100,9,100,10,Yes,Yes,Excellent
12,100,9,100,10,Yes,Yes,Excellent
3,82,4,65,3,No,NO,Excellent
4,85,5,68,4,No,No,Excellent
5,87,6,71,5,No,NO,Excellent
5,89,6,73,5,Yes,No,Excellent
6,91,7,75,6,Yes,NO,Excellent
6,93,7,77,6,Yes,No,Excellent
7,95,7,79,7,Yes,Yes,Excellent
7,97,7,81,7,Yes,No,Excellent
8,99,8,83,8,Yes,Yes,Excellent
8,100,8,85,8,Yes,No,Excellent
9,100,8,87,9,Yes,Yes,Excellent
9,100,8,89,9,Yes,YES,Excellent
10,100,8,91,10,Yes,Yes,Excellent
10,100,9,98,10,Yes,YES,Excellent
11,100,9,100,10,Yes,YES,Excellent
12,100,9,100,10,Yes,Yes,Excellent
2,79,5,63,2,No,NO,Excellent
3,81,5,65,3,No,No,Excellent
4,83,6,67,4,No,NO,Excellent
4,85,6,69,4,Yes,No,Excellent
5,87,6,71,5,Yes,NO,Excellent
5,89,6,73,5,Yes,No,Excellent
6,91,7,75,6,Yes,Yes,Excellent
6,93,7,77,6,Yes,NO,Excellent
7,95,7,79,7,Yes,Yes,Excellent
7,97,7,81,7,Yes,No,Excellent
8,99,8,83,8,Yes,Yes,Excellent
8,100,8,85,8,Yes,No,Excellent
9,100,8,87,9,Yes,Yes,Excellent
9,100,8,89,9,Yes,YES,Excellent
10,100,8,91,10,Yes,Yes,Excellent
10,100,9,98,10,Yes,YES,Excellent
11,100,9,100,10,Yes,YES,Excellent
12,100,9,100,10,Yes,Yes,Excellent
3,82,4,64,3,No,NO,Excellent
4,84,5,67,4,No,No,Excellent
5,86,6,70,5,No,NO,Excellent
5,88,6,72,5,Yes,No,Excellent
6,90,7,74,6,Yes,NO,Excellent
6,92,7,76,6,Yes,No,Excellent
7,94,7,78,7,Yes,Yes,Excellent
7,96,7,80,7,Yes,No,Excellent
8,98,8,82,8,Yes,Yes,Excellent
8,100,8,84,8,Yes,No,Excellent
9,100,8,86,9,Yes,Yes,Excellent
9,100,8,88,9,Yes,YES,Excellent
10,100,8,90,10,Yes,Yes,Excellent
10,100,9,99,10,Yes,YES,Excellent
11,100,9,100,10,Yes,YES,Excellent
12,100,9,100,10,Yes,Yes,Excellent
4,83,5,66,4,No,NO,Excellent
5,86,6,69,5,No,No,Excellent
5,88,6,71,5,Yes,NO,Excellent
6,90,7,73,6,Yes,NO,Excellent
6,92,7,75,6,Yes,No,Excellent
7,94,7,77,7,Yes,Yes,Excellent
7,96,7,79,7,Yes,No,Excellent
8,98,8,81,8,Yes,Yes,Excellent
8,100,8,83,8,Yes,No,Excellent
9,100,8,85,9,Yes,Yes,Excellent
9,100,8,87,9,Yes,YES,Excellent
10,100,8,89,10,Yes,Yes,Excellent
10,100,9,99,10,Yes,YES,Excellent
11,100,9,100,10,Yes,YES,Excellent
12,100,9,100,10,Yes,Yes,Excellent
4,84,5,67,4,No,NO,Excellent
5,87,6,70,5,No,No,Excellent
5,89,6,72,5,Yes,NO,Excellent
6,91,7,74,6,Yes,NO,Excellent
6,93,7,76,6,Yes,No,Excellent
7,95,7,78,7,Yes,Yes,Excellent
7,97,7,80,7,Yes,No,Excellent
8,99,8,82,8,Yes,Yes,Excellent
8,100,8,84,8,Yes,No,Excellent
9,100,8,86,9,Yes,Yes,Excellent
9,100,8,88,9,Yes,YES,Excellent
10,100,8,90,10,Yes,Yes,Excellent
10,100,9,100,10,Yes,YES,Excellent
11,100,9,100,10,Yes,YES,Excellent
12,100,9,100,10,Yes,Yes,Excellent
4,85,5,68,4,No,NO,Excellent
5,88,6,71,5,No,No,Excellent
5,90,6,73,5,Yes,NO,Excellent
6,92,7,75,6,Yes,No,Excellent
6,94,7,77,6,Yes,YES,Excellent
7,96,7,79,7,Yes,Yes,Excellent
7,98,7,81,7,Yes,No,Excellent
8,100,8,83,8,Yes,Yes,Excellent
8,100,8,85,8,Yes,No,Excellent
9,100,8,87,9,Yes,YES,Excellent
10,100,8,89,10,Yes,Yes,Excellent
10,100,9,99,10,Yes,YES,Excellent
11,100,9,100,10,Yes,YES,Excellent
12,100,9,100,10,Yes,Yes,Excellent
4,86,5,69,4,No,NO,Excellent
5,89,6,72,5,No,No,Excellent
5,91,6,74,5,Yes,NO,Excellent
6,93,7,76,6,Yes,YES,Excellent
6,95,7,78,6,Yes,Yes,Excellent
7,97,7,80,7,Yes,Yes,Excellent
7,99,7,82,7,Yes,No,Excellent
8,100,8,84,8,Yes,Yes,Excellent
8,100,8,86,8,Yes,NO,Excellent
9,100,8,88,9,Yes,Yes,Excellent
9,100,8,90,9,Yes,YES,Excellent
10,100,8,92,10,Yes,Yes,Excellent
10,100,9,100,10,Yes,YES,Excellent
11,100,9,100,10,Yes,YES,Excellent
12,100,9,100,10,Yes,Yes,Excellent
5,87,6,70,5,No,No,Excellent
5,90,6,73,5,Yes,NO,Excellent
6,92,7,75,6,Yes,YES,Excellent
6,94,7,77,6,Yes,Yes,Excellent
7,96,7,79,7,Yes,YES,Excellent
7,98,7,81,7,Yes,No,Excellent
8,100,8,83,8,Yes,Yes,Excellent
8,100,8,85,8,Yes,NO,Excellent
9,100,8,87,9,Yes,YES,Excellent
9,100,8,89,9,Yes,Yes,Excellent
10,100,8,91,10,Yes,Yes,Excellent
10,100,9,100,10,Yes,YES,Excellent
11,100,9,100,10,Yes,YES,Excellent
12,100,9,100,10,Yes,Yes,Excellent
5,88,6,71,5,Yes,NO,Excellent
6,91,7,74,6,Yes,YES,Excellent
6,93,7,76,6,Yes,Yes,Excellent
7,95,7,78,7,Yes,YES,Excellent
7,97,7,80,7,Yes,No,Excellent
8,99,8,82,8,Yes,Yes,Excellent
8,100,8,84,8,Yes,NO,Excellent
9,100,8,86,9,Yes,YES,Excellent
9,100,8,88,9,Yes,Yes,Excellent
10,100,8,90,10,Yes,YES,Excellent
10,100,9,100,10,Yes,YES,Excellent
11,100,9,100,10,Yes,YES,Excellent
12,100,9,100,10,Yes,Yes,Excellent
5,89,6,72,5,Yes,NO,Excellent
6,92,7,75,6,Yes,YES,Excellent
6,94,7,77,6,Yes,Yes,Excellent
7,96,7,79,7,Yes,YES,Excellent
7,98,7,81,7,Yes,No,Excellent
8,100,8,83,8,Yes,Yes,Excellent
8,100,8,85,8,Yes,NO,Excellent
9,100,8,87,9,Yes,YES,Excellent
9,100,8,89,9,Yes,Yes,Excellent
10,100,8,91,10,Yes,YES,Excellent
10,100,9,100,10,Yes,YES,Excellent
11,100,9,100,10,Yes,YES,Excellent
12,100,9,100,10,Yes,Yes,Excellent
5,90,6,73,5,Yes,NO,Excellent
6,93,7,76,6,Yes,YES,Excellent
6,95,7,78,6,Yes,Yes,Excellent
7,97,7,80,7,Yes,YES,Excellent
7,99,7,82,7,Yes,No,Excellent
8,100,8,84,8,Yes,Yes,Excellent
8,100,8,86,8,Yes,NO,Excellent
9,100,8,88,9,Yes,YES,Excellent
9,100,8,90,9,Yes,Yes,Excellent
10,100,8,92,10,Yes,YES,Excellent
10,100,9,100,10,Yes,YES,Excellent
11,100,9,100,10,Yes,YES,Excellent
12,100,9,100,10,Yes,Yes,Excellent
5,91,6,74,5,Yes,NO,Excellent
6,94,7,77,6,Yes,YES,Excellent
6,96,7,79,6,Yes,Yes,Excellent
7,98,7,81,7,Yes,YES,Excellent
7,100,7,83,7,Yes,No,Excellent
8,100,8,85,8,Yes,Yes,Excellent
8,100,8,87,8,Yes,NO,Excellent
9,100,8,89,9,Yes,YES,Excellent
9,100,8,91,9,Yes,Yes,Excellent
10,100,8,93,10,Yes,YES,Excellent
10,100,9,100,10,Yes,YES,Excellent
11,100,9,100,10,Yes,YES,Excellent
12,100,9,100,10,Yes,Yes,Excellent
5,92,6,75,5,Yes,NO,Excellent
6,95,7,78,6,Yes,YES,Excellent
6,97,7,80,6,Yes,Yes,Excellent
7,99,7,82,7,Yes,YES,Excellent
7,100,7,84,7,Yes,No,Excellent
8,100,8,86,8,Yes,Yes,Excellent
8,100,8,88,8,Yes,NO,Excellent
9,100,8,90,9,Yes,YES,Excellent
9,100,8,92,9,Yes,YES,Excellent
10,100,8,94,10,Yes,YES,Excellent
10,100,9,100,10,Yes,YES,Excellent
11,100,9,100,10,Yes,YES,Excellent
12,100,9,100,10,Yes,Yes,Excellent
5,93,6,76,5,Yes,NO,Excellent
6,96,7,79,6,Yes,YES,Excellent
6,98,7,81,6,Yes,Yes,Excellent
7,100,7,83,7,Yes,YES,Excellent
7,100,7,85,7,Yes,No,Excellent
8,100,8,87,8,Yes,Yes,Excellent
8,100,8,89,8,Yes,NO,Excellent
9,100,8,91,9,Yes,YES,Excellent
9,100,8,93,9,Yes,YES,Excellent
10,100,8,95,10,Yes,YES,Excellent
10,100,9,100,10,Yes,YES,Excellent
11,100,9,100,10,Yes,YES,Excellent
12,100,9,100,10,Yes,Yes,Excellent
5,94,6,77,5,Yes,NO,Excellent
6,97,7,80,6,Yes,YES,Excellent
6,99,7,82,6,Yes,No,Excellent
7,100,7,84,7,Yes,YES,Excellent
7,100,7,86,7,Yes,No,Excellent
8,100,8,88,8,Yes,Yes,Excellent
8,100,8,90,8,Yes,NO,Excellent
9,100,8,92,9,Yes,YES,Excellent
9,100,8,94,9,Yes,YES,Excellent
10,100,8,96,10,Yes,YES,Excellent
10,100,9,100,10,Yes,YES,Excellent
11,100,9,100,10,Yes,YES,Excellent
12,100,9,100,10,Yes,Yes,Excellent
5,95,6,78,5,Yes,NO,Excellent
6,98,7,81,6,Yes,YES,Excellent
6,100,7,83,6,Yes,No,Excellent
7,100,7,85,7,Yes,YES,Excellent
7,100,7,87,7,Yes,No,Excellent
8,100,8,89,8,Yes,Yes,Excellent
8,100,8,91,8,Yes,NO,Excellent
9,100,8,93,9,Yes,YES,Excellent
9,100,8,95,9,Yes,YES,Excellent
10,100,8,97,10,Yes,YES,Excellent
10,100,9,100,10,Yes,YES,Excellent
11,100,9,100,10,Yes,YES,Excellent
12,100,9,100,10,Yes,Yes,Excellent
6,96,7,80,6,Yes,No,Excellent
6,99,7,82,6,Yes,NO,Excellent
7,100,7,84,7,Yes,Yes,Excellent
7,100,7,86,7,Yes,No,Excellent
8,100,8,88,8,Yes,Yes,Excellent
8,100,8,90,8,Yes,NO,Excellent
9,100,8,92,9,Yes,Yes,Excellent
9,100,8,94,9,Yes,YES,Excellent
10,100,8,96,10,Yes,Yes,Excellent
10,100,9,100,10,Yes,Yes,Excellent
11,100,9,100,10,Yes,YES,Excellent
12,100,9,100,10,Yes,YES,Excellent
6,97,7,81,6,Yes,No,Excellent
6,100,7,83,6,Yes,NO,Excellent
7,100,7,85,7,Yes,Yes,Excellent
7,100,7,87,7,Yes,No,Excellent
8,100,8,89,8,Yes,Yes,Excellent
8,100,8,91,8,Yes,NO,Excellent
9,100,8,93,9,Yes,Yes,Excellent
9,100,8,95,9,Yes,YES,Excellent
10,100,8,97,10,Yes,Yes,Excellent
10,100,9,100,10,Yes,YES,Excellent
11,100,9,100,10,Yes,YES,Excellent
12,100,9,100,10,Yes,YES,Excellent
6,98,7,82,6,Yes,No,Excellent
6,100,7,84,6,Yes,NO,Excellent
7,100,7,86,7,Yes,Yes,Excellent
7,100,7,88,7,Yes,No,Excellent
8,100,8,90,8,Yes,Yes,Excellent
8,100,8,92,8,Yes,YES,Excellent
9,100,8,94,9,Yes,Yes,Excellent
9,100,8,96,9,Yes,YES,Excellent
10,100,8,98,10,Yes,Yes,Excellent
10,100,9,100,10,Yes,YES,Excellent
11,100,9,100,10,Yes,YES,Excellent
12,100,9,100,10,Yes,YES,Excellent
6,99,7,83,6,Yes,NO,Excellent
7,100,7,85,7,Yes,Yes,Excellent
7,100,7,87,7,Yes,No,Excellent
8,100,8,89,8,Yes,Yes,Excellent
8,100,8,91,8,Yes,YES,Excellent
9,100,8,93,9,Yes,Yes,Excellent
9,100,8,95,9,Yes,YES,Excellent
10,100,8,97,10,Yes,Yes,Excellent
10,100,9,100,10,Yes,YES,Excellent
11,100,9,100,10,Yes,YES,Excellent
12,100,9,100,10,Yes,YES,Excellent
6,100,7,84,6,Yes,NO,Excellent
7,100,7,86,7,Yes,Yes,Excellent
7,100,7,88,7,Yes,No,Excellent
8,100,8,90,8,Yes,Yes,Excellent
8,100,8,92,8,Yes,YES,Excellent
9,100,8,94,9,Yes,Yes,Excellent
9,100,8,96,9,Yes,YES,Excellent
10,100,8,98,10,Yes,Yes,Excellent
10,100,9,100,10,Yes,YES,Excellent
11,100,9,100,10,Yes,YES,Excellent
12,100,9,100,10,Yes,YES,Excellent
6,100,7,85,6,Yes,NO,Excellent
7,100,7,87,7,Yes,YES,Excellent
7,100,7,89,7,Yes,No,Excellent
8,100,8,91,8,Yes,YES,Excellent
8,100,8,93,8,Yes,YES,Excellent
9,100,8,95,9,Yes,YES,Excellent
9,100,8,97,9,Yes,YES,Excellent
10,100,8,99,10,Yes,YES,Excellent
10,100,9,100,10,Yes,YES,Excellent
11,100,9,100,10,Yes,YES,Excellent
12,100,9,100,10,Yes,YES,Excellent
6,100,7,86,6,Yes,NO,Excellent
7,100,7,88,7,Yes,YES,Excellent
7,100,7,90,7,Yes,No,Excellent
8,100,8,92,8,Yes,YES,Excellent
8,100,8,94,8,Yes,YES,Excellent
9,100,8,96,9,Yes,YES,Excellent
9,100,8,98,9,Yes,YES,Excellent
10,100,8,100,10,Yes,YES,Excellent
10,100,9,100,10,Yes,YES,Excellent
11,100,9,100,10,Yes,YES,Excellent
12,100,9,100,10,Yes,YES,Excellent
6,100,7,87,6,Yes,NO,Excellent
7,100,7,89,7,Yes,YES,Excellent
7,100,7,91,7,Yes,No,Excellent
8,100,8,93,8,Yes,YES,Excellent
8,100,8,95,8,Yes,YES,Excellent
9,100,8,97,9,Yes,YES,Excellent
9,100,8,99,9,Yes,YES,Excellent
10,100,8,100,10,Yes,YES,Excellent
10,100,9,100,10,Yes,YES,Excellent
11,100,9,100,10,Yes,YES,Excellent
12,100,9,100,10,Yes,YES,Excellent
6,100,7,88,6,Yes,NO,Excellent
7,100,7,90,7,Yes,YES,Excellent
7,100,7,92,7,Yes,No,Excellent
8,100,8,94,8,Yes,YES,Excellent
8,100,8,96,8,Yes,YES,Excellent
9,100,8,98,9,Yes,YES,Excellent
9,100,8,100,9,Yes,YES,Excellent
10,100,8,100,10,Yes,YES,Excellent
10,100,9,100,10,Yes,YES,Excellent
11,100,9,100,10,Yes,YES,Excellent
12,100,9,100,10,Yes,YES,Excellent
6,100,7,89,6,Yes,NO,Excellent
7,100,7,91,7,Yes,YES,Excellent
7,100,7,93,7,Yes,No,Excellent
8,100,8,95,8,Yes,YES,Excellent
8,100,8,97,8,Yes,YES,Excellent
9,100,8,99,9,Yes,YES,Excellent
9,100,8,100,9,Yes,YES,Excellent
10,100,8,100,10,Yes,YES,Excellent
10,100,9,100,10,Yes,YES,Excellent
11,100,9,100,10,Yes,YES,Excellent
12,100,9,100,10,Yes,YES,Excellent
6,100,7,90,6,Yes,NO,Excellent
7,100,7,92,7,Yes,YES,Excellent
7,100,7,94,7,Yes,No,Excellent
8,100,8,96,8,Yes,YES,Excellent
8,100,8,98,8,Yes,YES,Excellent
9,100,8,100,9,Yes,YES,Excellent
9,100,8,100,9,Yes,YES,Excellent
10,100,8,100,10,Yes,YES,Excellent
10,100,9,100,10,Yes,YES,Excellent
11,100,9,100,10,Yes,YES,Excellent
12,100,9,100,10,Yes,YES,Excellent
6,100,7,91,6,Yes,NO,Excellent
7,100,7,93,7,Yes,YES,Excellent
7,100,7,95,7,Yes,No,Excellent
8,100,8,97,8,Yes,YES,Excellent
8,100,8,99,8,Yes,YES,Excellent
9,100,8,100,9,Yes,YES,Excellent
9,100,8,100,9,Yes,YES,Excellent
10,100,8,100,10,Yes,YES,Excellent
10,100,9,100,10,Yes,YES,Excellent
11,100,9,100,10,Yes,YES,Excellent
12,100,9,100,10,Yes,YES,Excellent
6,100,7,92,6,Yes,NO,Excellent
7,100,7,94,7,Yes,YES,Excellent
7,100,7,96,7,Yes,No,Excellent
8,100,8,98,8,Yes,YES,Excellent
8,100,8,100,8,Yes,YES,Excellent
9,100,8,100,9,Yes,YES,Excellent
9,100,8,100,9,Yes,YES,Excellent
10,100,8,100,10,Yes,YES,Excellent
10,100,9,100,10,Yes,YES,Excellent
11,100,9,100,10,Yes,YES,Excellent
12,100,9,100,10,Yes,YES,Excellent
6,100,7,93,6,Yes,NO,Excellent
7,100,7,95,7,Yes,YES,Excellent
7,100,7,97,7,Yes,No,Excellent
8,100,8,99,8,Yes,YES,Excellent
8,100,8,100,8,Yes,YES,Excellent
9,100,8,100,9,Yes,YES,Excellent
9,100,8,100,9,Yes,YES,Excellent
10,100,8,100,10,Yes,YES,Excellent
10,100,9,100,10,Yes,YES,Excellent
11,100,9,100,10,Yes,YES,Excellent
12,100,9,100,10,Yes,YES,Excellent
6,100,7,94,6,Yes,NO,Excellent
7,100,7,96,7,Yes,YES,Excellent
7,100,7,98,7,Yes,No,Excellent
8,100,8,100,8,Yes,YES,Excellent
8,100,8,100,8,Yes,YES,Excellent
9,100,8,100,9,Yes,YES,Excellent
9,100,8,100,9,Yes,YES,Excellent
10,100,8,100,10,Yes,YES,Excellent
10,100,9,100,10,Yes,YES,Excellent
11,100,9,100,10,Yes,YES,Excellent
12,100,9,100,10,Yes,YES,Excellent
6,100,7,95,6,Yes,NO,Excellent
7,100,7,97,7,Yes,YES,Excellent
7,100,7,99,7,Yes,No,Excellent
8,100,8,100,8,Yes,YES,Excellent
8,100,8,100,8,Yes,YES,Excellent
9,100,8,100,9,Yes,Yes,Excellent
9,100,8,100,9,Yes,YES,Excellent
10,100,8,100,10,Yes,YES,Excellent
10,100,9,100,10,Yes,YES,Excellent
11,100,9,100,10,Yes,YES,Excellent
12,100,9,100,10,Yes,YES,Excellent
6,100,7,96,6,Yes,NO,Excellent
7,100,7,98,7,Yes,YES,Excellent
7,100,7,100,7,Yes,No,Excellent
8,100,8,100,8,Yes,YES,Excellent
8,100,8,100,8,Yes,Yes,Excellent
9,100,8,100,9,Yes,YES,Excellent
9,100,8,100,9,Yes,YES,Excellent
10,100,8,100,10,Yes,YES,Excellent
10,100,9,100,10,Yes,YES,Excellent
11,100,9,100,10,Yes,YES,Excellent
12,100,9,100,10,Yes,YES,Excellent
6,100,7,97,6,Yes,NO,Excellent
7,100,7,99,7,Yes,YES,Excellent
7,100,7,100,7,Yes,No,Excellent
8,100,8,100,8,Yes,YES,Excellent
8,100,8,100,8,Yes,YES,Excellent
9,100,8,100,9,Yes,YES,Excellent
9,100,8,100,9,Yes,YES,Excellent
10,100,8,100,10,Yes,YES,Excellent
10,100,9,100,10,Yes,YES,Excellent
11,100,9,100,10,Yes,YES,Excellent
12,100,9,100,10,Yes,YES,Excellent
